Component,BooleanParser
Component,IntParser
Component,FloatParser
Component,ListParser
Component,JsonParser
Component,YamlParser
Component,ToolManager
Component,Prompt
Component,ModelClient
Component,Retriever
Component,FunctionTool
Component,Tokenizer
Component,Generator
Component,Embedder
Component,BatchEmbedder
Component,Sequential
Component,FunComponent
Component,ReActAgent
Component,OutputParser
Component,TextSplitter
Component,ToEmbeddings
Component,RetrieverOutputToContextStr
Component,DefaultLLMJudge
Component,LLMAugmenter
Generic,LocalDB
Generic,Retriever
Generic,GeneratorOutput
Generic,Parameter
Generic,Sample
Generic,Sampler
Generic,RandomSampler
Generic,ClassSampler
ModelClient,CohereAPIClient
ModelClient,TransformersClient
ModelClient,GroqAPIClient
ModelClient,GoogleGenAIClient
ModelClient,OpenAIClient
ModelClient,AnthropicAPIClient
Retriever,BM25Retriever
Retriever,PostgresRetriever
Retriever,RerankerRetriever
Retriever,LLMRetriever
Retriever,FAISSRetriever
Enum,DataClassFormatType
Enum,ModelType
Enum,DistanceToOperator
Enum,OptionalPackages
DataClass,EmbedderOutput
DataClass,GeneratorOutput
DataClass,RetrieverOutput
DataClass,FunctionDefinition
DataClass,Function
DataClass,FunctionExpression
DataClass,FunctionOutput
DataClass,StepOutput
DataClass,Document
DataClass,DialogTurn
DataClass,Instruction
DataClass,GeneratorStatesRecord
DataClass,GeneratorCallRecord
OutputParser,YamlOutputParser
OutputParser,JsonOutputParser
OutputParser,ListOutputParser
OutputParser,BooleanOutputParser
Optimizer,BootstrapFewShot
Optimizer,LLMOptimizer
Sampler,RandomSampler
Sampler,ClassSampler
